Employee_ID,Age,Gender,Education,Experience_Years,Training_Hours,Performance_Rating,Monthly_Working_Hours,Previous_Promotion,Department,Promotion
1,29,Male,MBA,8,36,4,168,0,Marketing,1
2,27,Male,Bachelor,2,9,5,143,0,Marketing,1
3,23,Female,MBA,0,74,3,193,0,Sales,1
4,22,Male,Master,0,48,5,175,0,HR,1
5,27,Male,MBA,3,50,2,184,1,Finance,0
6,56,Female,MBA,35,15,5,210,1,IT,1
7,26,Male,Master,5,42,3,150,0,Sales,0
8,51,Male,MBA,25,25,4,187,1,Sales,1
9,26,Female,Master,1,73,3,171,0,Sales,1
10,57,Female,Master,35,12,4,169,0,Sales,1
11,26,Female,Bachelor,4,32,4,203,1,Sales,1
12,30,Female,Bachelor,8,79,4,194,1,IT,1
13,54,Male,MBA,30,11,2,154,0,Finance,0
14,26,Male,MBA,2,64,5,207,1,HR,1
15,56,Male,Master,33,19,4,177,1,HR,1
16,38,Male,Bachelor,13,69,3,153,1,Sales,1
17,32,Male,Master,7,46,2,202,0,Sales,0
18,37,Female,Bachelor,16,77,3,150,0,Marketing,1
19,30,Female,Bachelor,8,75,5,161,1,Marketing,1
20,34,Female,Bachelor,8,56,4,187,1,IT,1
21,36,Male,Bachelor,15,7,4,215,0,HR,1
22,25,Male,Master,3,9,2,182,0,Finance,0
23,35,Male,Master,10,78,3,213,1,Finance,1
24,34,Female,Master,13,60,2,185,1,HR,1
25,28,Male,Bachelor,7,48,5,153,0,Marketing,1
26,50,Male,Bachelor,28,28,5,175,1,Finance,1
27,57,Male,Bachelor,36,74,2,141,0,Finance,1
28,53,Female,Bachelor,29,56,3,147,0,Finance,1
29,38,Male,Bachelor,14,59,4,211,1,Sales,1
30,35,Female,MBA,14,45,2,147,0,Marketing,0
31,32,Male,Master,11,28,2,148,0,HR,0
32,58,Female,Bachelor,36,15,2,193,1,Sales,0
33,37,Female,Bachelor,14,21,5,178,1,HR,1
34,51,Female,Bachelor,26,14,2,208,0,Sales,0
35,26,Female,MBA,4,41,4,160,1,Marketing,1
36,22,Male,Bachelor,0,18,4,157,1,Marketing,1
37,31,Female,MBA,8,31,4,183,0,Finance,1
38,38,Male,Master,17,59,2,175,0,IT,0
39,38,Male,Bachelor,16,75,5,194,0,IT,1
40,56,Female,Bachelor,35,79,4,210,0,HR,1
41,41,Male,Master,18,50,2,166,0,Marketing,0
42,48,Female,Bachelor,23,35,3,160,0,IT,1
43,43,Female,Bachelor,19,39,3,160,0,Finance,1
44,36,Male,Bachelor,14,49,5,179,0,IT,1
45,47,Female,MBA,24,13,4,175,1,Marketing,1
46,43,Male,Bachelor,22,38,2,162,1,Marketing,1
47,49,Female,MBA,26,60,4,217,0,IT,1
48,38,Female,Master,17,5,5,206,0,HR,1
49,43,Female,Master,18,20,4,178,1,Finance,1
50,40,Male,MBA,15,29,3,193,1,Marketing,1
51,41,Female,MBA,17,43,2,176,0,Marketing,0
52,42,Male,MBA,18,61,5,167,1,HR,1
53,40,Male,Bachelor,15,16,4,170,1,IT,1
54,23,Female,Master,2,65,3,218,0,Marketing,0
55,34,Male,MBA,8,68,5,191,0,HR,1
56,28,Male,MBA,4,27,3,206,1,IT,0
57,29,Female,MBA,5,64,3,207,1,Marketing,1
58,49,Female,Bachelor,24,25,5,200,1,Sales,1
59,55,Female,Bachelor,31,40,3,196,0,Sales,1
60,43,Female,MBA,20,22,2,159,0,IT,0
61,35,Female,Bachelor,14,57,5,182,1,IT,1
62,48,Male,Master,24,78,2,188,1,Sales,1
63,46,Female,Master,22,67,3,168,1,HR,1
64,46,Male,Master,23,26,5,199,0,Marketing,1
65,58,Female,Bachelor,32,15,2,194,0,HR,0
66,38,Female,Master,14,32,4,198,1,Sales,1
67,48,Female,Bachelor,25,65,2,142,0,HR,1
68,24,Male,Bachelor,3,30,3,142,0,Finance,0
69,29,Male,MBA,4,64,3,172,1,Marketing,1
70,29,Female,MBA,7,18,4,214,0,Finance,1
71,47,Male,MBA,21,14,3,215,0,Sales,0
72,29,Female,Bachelor,4,49,2,208,1,Marketing,0
73,43,Female,MBA,22,67,5,153,1,Finance,1
74,31,Female,Master,7,71,3,174,1,Marketing,1
75,39,Male,Master,16,16,3,175,1,Marketing,1
76,46,Female,Bachelor,23,68,2,181,0,Sales,1
77,38,Male,Bachelor,15,40,4,211,0,IT,1
78,48,Male,Bachelor,24,65,3,202,1,Sales,1
79,36,Female,MBA,12,44,3,214,1,Marketing,1
80,44,Female,Master,20,50,4,198,1,IT,1
81,29,Male,Bachelor,3,45,3,155,0,Finance,0
82,39,Male,Master,13,17,4,164,1,IT,1
83,41,Female,MBA,20,40,3,145,0,IT,1
84,53,Female,Master,32,78,2,176,1,Sales,1
85,33,Female,Master,12,66,4,154,0,HR,1
86,58,Male,Bachelor,32,24,2,159,1,HR,1
87,57,Female,Master,33,71,3,188,1,Marketing,1
88,49,Female,MBA,26,17,2,166,0,HR,0
89,32,Male,Master,10,75,3,149,0,Finance,1
90,52,Female,Bachelor,29,34,2,176,1,IT,1
91,38,Male,Master,12,59,3,154,0,IT,1
92,26,Female,Bachelor,5,44,3,216,1,Finance,1
93,41,Female,Bachelor,15,39,5,204,1,Marketing,1
94,24,Male,MBA,0,37,4,143,0,Marketing,1
95,23,Female,MBA,0,78,4,145,0,Finance,1
96,39,Female,Master,17,67,5,151,1,Sales,1
97,42,Female,Master,16,25,2,182,1,Finance,0
98,57,Female,Bachelor,36,16,5,180,1,Finance,1
99,54,Female,MBA,33,57,5,146,0,Finance,1
100,50,Female,Master,29,39,3,210,0,Finance,1
101,29,Female,Bachelor,8,25,3,179,0,IT,0
102,29,Female,Master,5,24,2,203,1,Finance,0
103,52,Male,MBA,30,75,5,158,1,Marketing,1
104,30,Male,Master,9,58,4,183,1,Sales,1
105,53,Female,MBA,31,73,5,201,1,Marketing,1
106,46,Male,Master,22,29,4,170,1,HR,1
107,42,Female,Bachelor,16,53,5,189,0,IT,1
108,54,Female,Bachelor,29,17,4,196,0,IT,1
109,48,Female,MBA,22,14,3,200,1,Finance,1
110,27,Male,MBA,4,45,5,220,1,HR,1
111,37,Male,MBA,11,34,4,151,1,HR,1
112,50,Male,Master,28,8,4,145,1,Sales,1
113,45,Male,Bachelor,21,36,3,207,1,IT,1
114,27,Male,Master,2,35,5,203,0,Sales,1
115,51,Male,Master,28,64,2,176,0,Sales,1
116,41,Male,Master,15,37,5,198,1,Finance,1
117,28,Female,Bachelor,6,78,5,185,1,Finance,1
118,39,Female,Bachelor,18,68,2,176,0,IT,0
119,38,Female,Master,12,17,3,220,0,HR,0
120,45,Female,Bachelor,19,16,3,177,1,IT,1
121,30,Male,Master,5,72,4,204,1,Finance,1
122,40,Male,Bachelor,14,19,4,199,0,Finance,1
123,57,Male,Master,34,55,2,141,1,Sales,1
124,38,Female,Bachelor,13,52,5,153,0,Marketing,1
125,57,Female,Bachelor,34,13,3,199,1,IT,1
126,24,Male,MBA,3,68,4,154,0,IT,1
127,46,Female,MBA,22,74,4,193,0,HR,1
128,53,Male,Master,28,40,5,144,1,Finance,1
129,37,Male,Master,14,52,2,209,1,Sales,0
130,34,Male,Master,13,16,5,167,0,IT,1
131,30,Male,Bachelor,5,13,3,210,0,Sales,0
132,31,Female,Bachelor,6,40,2,158,0,HR,0
133,23,Male,Bachelor,1,50,2,170,1,Sales,0
134,25,Female,Master,3,72,5,154,0,Sales,1
135,54,Male,MBA,29,62,2,204,0,Marketing,0
136,41,Female,MBA,17,12,2,201,1,HR,0
137,53,Male,Bachelor,27,14,5,150,1,IT,1
138,39,Female,MBA,14,53,4,216,1,Marketing,1
139,49,Female,Bachelor,28,75,2,167,1,Finance,1
140,43,Female,Master,19,58,5,152,1,Sales,1
141,45,Male,Master,23,13,5,151,0,HR,1
142,45,Male,Master,23,80,2,211,1,Sales,1
143,49,Female,Bachelor,23,41,2,216,1,Marketing,0
144,54,Female,MBA,32,66,3,168,0,Sales,1
145,29,Female,Bachelor,6,59,3,211,0,IT,1
146,39,Male,Bachelor,13,48,4,184,0,Marketing,1
147,47,Female,Master,26,8,3,151,0,Finance,0
148,43,Male,Bachelor,21,44,4,181,0,IT,1
149,25,Female,MBA,0,39,2,196,1,Finance,0
150,48,Female,Bachelor,25,70,3,154,1,Sales,1
151,53,Male,Bachelor,28,10,4,168,1,IT,1
152,41,Male,Bachelor,19,37,3,177,1,Finance,1
153,49,Female,Bachelor,27,53,3,208,0,Finance,1
154,24,Female,MBA,0,63,2,149,1,Finance,0
155,48,Male,MBA,25,56,2,142,1,Finance,1
156,45,Female,MBA,24,18,5,171,1,HR,1
157,47,Male,MBA,24,33,4,182,0,HR,1
158,55,Male,Bachelor,30,49,3,184,0,IT,1
159,38,Female,Master,16,24,3,149,0,Marketing,0
160,50,Male,Master,24,45,4,159,1,Finance,1
161,41,Female,Master,18,50,2,204,0,Finance,0
162,24,Female,Master,3,41,4,149,0,Marketing,1
163,57,Female,MBA,31,62,2,213,0,Finance,1
164,54,Male,MBA,32,62,2,153,1,IT,1
165,24,Female,Master,2,61,5,207,0,Sales,1
166,46,Male,Master,22,11,4,220,1,HR,1
167,57,Female,Bachelor,31,41,5,172,0,Marketing,1
168,31,Female,MBA,8,55,4,156,0,Finance,1
169,43,Male,Master,21,59,2,205,1,Sales,1
170,33,Male,Bachelor,11,67,4,164,0,HR,1
171,40,Female,Bachelor,19,48,2,219,0,IT,0
172,33,Female,MBA,7,61,3,145,1,IT,1
173,50,Female,Master,25,62,4,169,0,IT,1
174,45,Female,Bachelor,19,64,5,176,1,IT,1
175,30,Male,Master,7,66,2,187,0,HR,0
176,32,Male,Bachelor,9,70,5,158,1,Finance,1
177,44,Male,Master,23,11,5,190,1,HR,1
178,45,Male,Bachelor,23,45,2,152,1,HR,1
179,40,Male,Bachelor,16,65,3,197,0,Sales,1
180,35,Female,Bachelor,13,19,5,176,0,HR,1
181,37,Male,MBA,13,13,5,154,1,Marketing,1
182,58,Female,Bachelor,36,42,3,194,0,Marketing,1
183,48,Male,Master,26,72,2,186,0,Finance,1
184,24,Female,Bachelor,0,52,5,172,0,Sales,1
185,37,Male,Master,11,79,2,182,0,Marketing,0
186,43,Male,Bachelor,17,64,3,201,0,Finance,1
187,24,Female,Master,1,10,3,165,0,Marketing,0
188,47,Female,Master,22,37,5,144,0,HR,1
189,43,Female,Master,20,52,2,195,1,Sales,1
190,33,Male,MBA,9,52,5,206,1,Finance,1
191,27,Male,Bachelor,3,74,3,177,1,Sales,1
192,40,Female,Master,17,59,5,161,1,HR,1
193,44,Female,Master,19,40,5,147,0,Marketing,1
194,32,Male,Bachelor,11,61,3,144,0,Sales,1
195,45,Female,Master,21,24,2,197,1,HR,0
196,58,Male,Bachelor,36,55,4,180,1,HR,1
197,33,Female,MBA,9,76,5,155,1,Finance,1
198,35,Male,Bachelor,10,67,4,165,0,Finance,1
199,33,Male,MBA,7,16,5,180,1,Marketing,1
200,40,Male,Bachelor,17,27,3,186,0,IT,0
201,37,Female,MBA,13,51,2,210,1,IT,0
202,27,Female,MBA,6,55,4,201,1,HR,1
203,30,Male,MBA,7,62,2,199,1,Marketing,0
204,33,Male,Master,11,69,5,147,0,IT,1
205,32,Male,Master,9,49,3,206,1,IT,1
206,57,Male,MBA,34,43,3,218,0,Marketing,1
207,31,Male,Bachelor,9,77,4,145,0,Marketing,1
208,38,Female,MBA,12,78,3,193,0,Marketing,1
209,40,Female,Master,14,66,4,171,1,HR,1
210,25,Male,Master,3,58,5,201,1,Marketing,1
211,31,Female,MBA,8,49,4,191,0,Marketing,1
212,28,Female,Bachelor,5,64,3,155,1,IT,1
213,28,Male,Bachelor,7,54,4,218,1,Sales,1
214,58,Female,Master,32,29,4,160,1,Sales,1
215,53,Male,Bachelor,32,55,2,204,1,Marketing,1
216,44,Female,MBA,23,41,2,203,1,HR,0
217,28,Female,Bachelor,4,38,3,186,1,Finance,1
218,25,Male,Master,0,51,3,210,1,Marketing,1
219,50,Female,Master,25,20,4,156,0,Sales,1
220,57,Male,Bachelor,34,30,3,217,1,HR,1
221,30,Male,MBA,4,65,4,206,1,Marketing,1
222,30,Female,MBA,7,25,4,190,1,Marketing,1
223,56,Female,MBA,32,65,4,142,1,HR,1
224,48,Female,MBA,23,8,4,216,1,Marketing,1
225,58,Female,Bachelor,36,79,2,201,0,IT,1
226,24,Female,Master,0,29,2,142,1,IT,0
227,48,Male,MBA,22,57,3,204,1,IT,1
228,55,Female,Bachelor,33,66,4,207,1,Finance,1
229,56,Male,Bachelor,33,38,4,218,1,Sales,1
230,57,Female,Master,34,43,3,176,0,Finance,1
231,44,Female,Master,19,41,4,155,1,IT,1
232,40,Female,MBA,19,15,4,184,1,Finance,1
233,35,Male,MBA,13,76,4,174,0,Marketing,1
234,37,Male,Bachelor,15,72,2,168,0,Finance,0
235,43,Male,Master,17,17,5,157,0,Finance,1
236,52,Male,Bachelor,26,41,3,181,1,Marketing,1
237,36,Male,Master,11,27,2,193,0,Finance,0
238,33,Male,Master,7,9,4,141,1,Sales,1
239,51,Female,Bachelor,25,22,5,204,1,HR,1
240,43,Female,Master,21,37,5,163,0,Marketing,1
241,34,Male,Master,12,59,5,205,1,HR,1
242,33,Female,Master,11,46,5,171,0,IT,1
243,50,Female,MBA,27,43,4,214,0,Sales,1
244,37,Female,MBA,16,64,2,179,0,Marketing,0
245,41,Male,Bachelor,15,42,2,187,0,Finance,0
246,31,Male,Bachelor,7,58,4,210,1,Marketing,1
247,27,Male,Bachelor,2,72,5,186,0,Marketing,1
248,54,Male,MBA,32,26,3,181,1,IT,1
249,53,Female,Master,32,12,5,198,0,Marketing,1
250,25,Female,Bachelor,0,44,5,142,1,IT,1
251,26,Male,Master,5,49,5,148,0,HR,1
252,40,Female,Master,16,22,3,193,1,Finance,1
253,46,Female,MBA,25,49,3,155,0,IT,1
254,36,Female,Bachelor,15,43,2,199,1,IT,0
255,51,Male,MBA,28,40,3,164,0,Finance,1
256,23,Female,MBA,1,13,3,152,0,HR,0
257,37,Male,Bachelor,11,56,2,196,0,IT,0
258,54,Male,Master,31,78,3,180,1,IT,1
259,55,Male,MBA,33,43,5,175,0,Finance,1
260,57,Female,Master,33,49,2,188,1,IT,1
261,41,Male,Master,17,73,3,200,0,IT,1
262,51,Female,Bachelor,30,58,5,211,0,Sales,1
263,35,Male,Bachelor,12,62,2,187,0,Sales,0
264,46,Female,Bachelor,20,14,2,164,0,Sales,0
265,41,Male,MBA,20,29,3,155,1,Marketing,1
266,35,Female,Master,11,75,3,181,1,Marketing,1
267,44,Female,Bachelor,21,51,4,205,1,Finance,1
268,42,Male,MBA,20,45,4,192,0,IT,1
269,23,Female,Bachelor,0,42,5,159,0,Finance,1
270,58,Female,MBA,36,75,5,183,1,Finance,1
271,51,Male,MBA,29,26,4,157,1,HR,1
272,55,Male,MBA,34,11,2,140,1,IT,0
273,26,Female,Bachelor,0,6,3,167,1,Marketing,0
274,52,Male,Bachelor,26,7,5,140,1,Marketing,1
275,39,Male,Bachelor,14,7,4,204,1,HR,1
276,55,Female,Master,33,29,3,219,1,Finance,1
277,27,Male,Master,4,63,5,212,0,HR,1
278,24,Male,MBA,3,53,5,188,1,HR,1
279,32,Male,Bachelor,11,60,5,182,0,IT,1
280,58,Male,Bachelor,34,10,4,149,1,Sales,1
281,23,Male,MBA,1,55,3,149,1,IT,1
282,58,Female,Bachelor,34,54,4,157,0,HR,1
283,49,Female,Bachelor,27,48,2,217,1,Sales,1
284,50,Female,Bachelor,26,50,3,210,1,Marketing,1
285,46,Female,Bachelor,25,36,4,149,0,Finance,1
286,31,Male,Bachelor,5,45,5,186,0,Sales,1
287,50,Male,Master,27,18,4,156,0,Finance,1
288,57,Female,MBA,32,18,5,143,0,HR,1
289,42,Male,MBA,18,42,2,192,1,Marketing,0
290,37,Female,Master,12,53,3,161,0,Sales,1
291,53,Female,Master,31,26,2,195,1,Finance,0
292,26,Male,Master,3,36,4,220,1,HR,1
293,30,Female,Master,7,55,2,182,1,Sales,0
294,49,Female,Master,23,43,3,181,0,IT,1
295,47,Female,Master,24,67,4,213,0,Sales,1
296,47,Male,MBA,24,77,2,165,0,Finance,1
297,35,Male,MBA,11,13,4,192,1,Sales,1
298,37,Female,MBA,14,59,3,188,0,Finance,1
299,47,Male,Bachelor,22,74,5,144,1,IT,1
300,44,Female,Bachelor,22,77,2,191,1,HR,1
301,28,Female,Master,5,70,3,206,0,Finance,1
302,51,Male,Master,25,49,3,143,1,Finance,1
303,27,Female,Bachelor,6,49,3,179,1,Marketing,1
304,52,Female,Bachelor,29,17,5,196,1,Sales,1
305,24,Male,MBA,0,7,2,183,0,IT,0
306,55,Female,Bachelor,33,47,3,211,1,Finance,1
307,33,Female,MBA,11,55,5,143,0,Finance,1
308,46,Male,MBA,25,31,3,175,0,IT,1
309,45,Female,MBA,22,63,3,154,1,Sales,1
310,46,Female,Master,21,80,5,154,1,Marketing,1
311,33,Female,Bachelor,7,80,4,150,0,IT,1
312,41,Female,MBA,20,52,3,158,1,IT,1
313,58,Male,Master,34,28,5,202,0,Sales,1
314,30,Female,Bachelor,8,62,4,219,0,Finance,1
315,30,Female,MBA,8,76,5,204,1,Finance,1
316,48,Male,Bachelor,22,67,5,161,0,Sales,1
317,24,Female,MBA,1,73,3,176,0,Finance,1
318,57,Female,MBA,32,78,2,154,1,HR,1
319,50,Female,Bachelor,25,59,3,153,0,Finance,1
320,38,Male,MBA,15,61,2,155,0,Marketing,0
321,44,Male,Bachelor,18,26,5,218,0,HR,1
322,58,Female,Master,35,73,4,161,1,Marketing,1
323,39,Female,MBA,14,22,2,192,0,IT,0
324,30,Female,Bachelor,8,46,3,171,1,Marketing,1
325,39,Male,Master,13,53,5,197,0,Marketing,1
326,39,Male,MBA,13,63,4,202,1,HR,1
327,51,Male,Master,25,13,4,208,1,IT,1
328,53,Female,Master,30,41,4,183,0,HR,1
329,24,Female,Master,3,7,5,155,0,HR,1
330,49,Male,MBA,27,43,3,160,1,Sales,1
331,38,Female,MBA,17,26,4,146,1,IT,1
332,49,Female,Bachelor,23,17,2,140,0,IT,0
333,36,Male,Master,11,6,5,141,1,IT,1
334,52,Male,Master,31,54,3,151,0,Sales,1
335,41,Male,MBA,19,22,5,158,0,IT,1
336,50,Male,Bachelor,27,24,3,192,1,HR,1
337,30,Male,Bachelor,9,49,5,194,1,Sales,1
338,27,Male,MBA,5,8,4,178,0,Finance,0
339,40,Male,Bachelor,14,35,2,203,1,Finance,0
340,26,Female,MBA,1,51,2,180,0,Finance,0
341,45,Male,Bachelor,20,65,3,149,0,Sales,1
342,35,Female,Master,14,55,2,204,1,Finance,0
343,27,Male,MBA,1,40,3,150,1,IT,1
344,31,Female,MBA,6,55,4,215,0,Finance,1
345,37,Female,MBA,16,16,3,195,0,Marketing,0
346,25,Male,Bachelor,2,20,3,141,0,Finance,0
347,44,Female,MBA,19,26,4,187,0,HR,1
348,23,Female,MBA,0,39,5,207,0,Marketing,1
349,26,Female,MBA,2,70,5,186,0,IT,1
350,45,Male,MBA,23,18,4,213,0,Marketing,1
351,22,Female,Master,1,36,2,145,1,IT,0
352,33,Female,MBA,12,33,5,181,0,Sales,1
353,39,Male,Bachelor,18,20,4,204,0,Marketing,1
354,24,Female,Bachelor,0,64,2,176,1,Marketing,0
355,51,Male,Master,30,30,4,177,1,Sales,1
356,53,Male,Bachelor,31,24,3,140,1,Marketing,1
357,44,Female,Bachelor,18,47,2,140,1,IT,1
358,55,Female,Bachelor,33,67,5,147,0,HR,1
359,36,Male,MBA,11,52,5,198,0,IT,1
360,47,Female,Master,26,60,2,156,0,Sales,1
361,47,Male,Bachelor,21,45,4,197,1,IT,1
362,30,Female,Master,5,24,2,153,0,Sales,0
363,48,Female,Master,27,31,4,197,1,HR,1
364,27,Male,Bachelor,5,10,4,167,1,IT,1
365,44,Male,Master,20,43,2,173,0,Finance,0
366,57,Male,Bachelor,31,17,3,199,0,HR,0
367,25,Male,MBA,3,30,3,191,1,Marketing,0
368,38,Male,Bachelor,17,13,2,165,1,Sales,0
369,29,Female,Master,8,11,5,161,1,HR,1
370,46,Male,Master,20,27,5,185,0,Sales,1
371,50,Female,MBA,28,36,2,177,1,Finance,1
372,25,Male,MBA,4,54,4,157,1,Marketing,1
373,37,Female,Master,11,53,2,185,1,Marketing,0
374,54,Female,MBA,31,39,5,163,0,IT,1
375,23,Male,Bachelor,0,65,2,207,1,HR,0
376,37,Male,MBA,11,39,3,208,0,Finance,0
377,44,Female,MBA,22,35,3,215,1,HR,1
378,44,Female,Bachelor,19,77,3,164,1,Finance,1
379,24,Male,MBA,3,34,2,217,0,Finance,0
380,22,Female,Bachelor,0,21,3,183,0,HR,0
381,31,Male,Master,6,19,3,207,1,Finance,0
382,28,Female,MBA,5,46,4,157,0,Finance,1
383,42,Female,Master,20,33,4,215,0,Sales,1
384,30,Male,MBA,8,78,2,190,0,Sales,0
385,36,Male,Bachelor,10,68,2,158,1,Sales,1
386,42,Female,Bachelor,20,47,2,197,0,IT,0
387,26,Female,Master,3,18,4,140,0,Finance,1
388,32,Male,Master,8,53,5,184,1,Marketing,1
389,36,Male,Master,14,14,5,144,1,Sales,1
390,28,Male,MBA,7,26,4,188,0,HR,1
391,43,Female,Bachelor,18,8,5,195,0,HR,1
392,28,Female,Master,5,29,3,192,1,IT,0
393,28,Male,Bachelor,7,78,5,210,1,Sales,1
394,22,Male,Bachelor,0,42,2,220,1,HR,0
395,35,Female,Master,13,15,4,200,0,Finance,1
396,53,Male,Master,27,16,4,209,1,Finance,1
397,45,Female,Master,23,10,5,173,1,IT,1
398,39,Female,MBA,14,24,2,152,0,Finance,0
399,36,Female,MBA,11,54,2,206,1,IT,0
400,52,Male,Master,29,55,2,144,0,IT,1
401,32,Male,MBA,10,21,3,145,1,Finance,1
402,34,Male,Master,8,38,3,180,0,Marketing,0
403,47,Male,MBA,22,40,4,206,1,Marketing,1
404,55,Male,Bachelor,31,58,2,159,0,Marketing,1
405,28,Female,MBA,5,57,4,173,1,Marketing,1
406,52,Female,Bachelor,31,40,3,191,0,Finance,1
407,43,Female,Bachelor,17,11,3,200,1,Sales,0
408,41,Male,Master,18,67,4,152,0,Finance,1
409,42,Male,Master,19,16,5,164,1,Finance,1
410,55,Female,MBA,32,70,2,160,0,Marketing,1
411,47,Male,Bachelor,25,27,2,164,0,HR,0
412,51,Female,MBA,30,30,4,175,1,Finance,1
413,29,Female,Bachelor,3,35,2,187,1,Finance,0
414,57,Female,Bachelor,34,25,4,173,0,Finance,1
415,25,Female,MBA,3,33,3,168,0,Finance,0
416,54,Male,Bachelor,33,65,2,156,0,Sales,1
417,41,Female,Master,15,59,4,188,1,IT,1
418,51,Female,MBA,28,79,5,153,0,Marketing,1
419,40,Female,MBA,17,66,2,148,1,Sales,1
420,39,Male,MBA,16,29,4,159,0,Finance,1
421,42,Female,Master,16,8,3,203,1,Finance,0
422,46,Female,MBA,20,79,2,213,0,IT,1
423,56,Male,MBA,30,50,5,204,1,Marketing,1
424,33,Male,MBA,10,65,2,156,1,Sales,1
425,27,Female,Master,5,33,4,179,1,Sales,1
426,40,Female,Bachelor,16,65,2,146,0,Marketing,0
427,29,Male,Bachelor,3,72,5,178,1,IT,1
428,34,Female,MBA,11,77,5,198,0,IT,1
429,27,Male,Master,3,27,4,180,0,Sales,1
430,35,Female,MBA,13,67,3,151,0,Finance,1
431,47,Male,MBA,23,54,5,140,0,Sales,1
432,22,Male,MBA,0,7,3,140,0,Sales,0
433,41,Male,Bachelor,19,54,2,204,1,HR,1
434,41,Female,MBA,18,71,5,216,1,IT,1
435,43,Male,Bachelor,19,29,4,161,1,IT,1
436,30,Male,Master,8,80,2,204,0,HR,0
437,46,Male,MBA,20,73,4,219,0,HR,1
438,23,Male,MBA,2,58,2,196,1,Sales,0
439,52,Female,Master,26,31,3,220,0,HR,0
440,55,Female,Bachelor,32,58,3,153,0,HR,1
441,53,Female,MBA,31,38,3,206,0,Finance,1
442,40,Female,Master,18,75,2,203,0,IT,0
443,22,Male,Bachelor,1,19,2,213,1,Marketing,0
444,26,Female,Master,0,37,2,169,1,Finance,0
445,25,Female,Master,4,10,3,177,1,HR,0
446,28,Female,Master,7,22,2,161,1,Marketing,0
447,39,Male,Master,13,52,2,183,0,Finance,0
448,51,Male,Bachelor,28,66,5,193,0,HR,1
449,32,Male,MBA,11,80,5,201,1,Finance,1
450,44,Male,Master,19,21,2,201,1,Finance,0
451,24,Female,MBA,3,45,4,141,0,Marketing,1
452,28,Male,MBA,4,66,3,184,1,Marketing,1
453,25,Male,Bachelor,4,69,3,200,1,Finance,1
454,42,Female,Master,20,40,4,146,0,IT,1
455,27,Female,Master,3,78,5,197,0,Sales,1
456,29,Male,MBA,5,18,2,191,1,Marketing,0
457,22,Female,Master,1,70,4,211,0,Sales,1
458,25,Female,MBA,3,47,5,211,1,Finance,1
459,29,Female,MBA,8,5,3,183,1,Marketing,0
460,45,Male,MBA,19,10,2,161,1,Finance,0
461,28,Male,Master,5,29,3,155,1,IT,1
462,43,Female,Master,22,10,5,215,0,Marketing,1
463,54,Female,MBA,32,5,5,207,0,Finance,1
464,54,Female,MBA,32,21,3,153,1,Finance,1
465,48,Female,Master,23,40,3,190,1,IT,1
466,30,Male,Bachelor,6,75,4,180,0,Marketing,1
467,40,Male,Master,14,21,4,162,1,Marketing,1
468,52,Male,MBA,27,73,5,176,1,HR,1
469,23,Female,Bachelor,0,11,3,147,0,Sales,0
470,38,Female,Master,16,42,2,166,0,HR,0
471,57,Male,Master,35,35,5,205,1,Finance,1
472,48,Female,Bachelor,22,75,4,146,0,Marketing,1
473,50,Male,Master,28,80,4,209,0,Finance,1
474,33,Female,Bachelor,7,28,2,162,0,Finance,0
475,39,Male,Master,14,21,4,160,1,Finance,1
476,31,Female,Master,10,46,3,216,0,Marketing,0
477,57,Male,MBA,34,45,2,207,0,HR,0
478,54,Male,Master,32,74,5,208,1,IT,1
479,35,Male,MBA,9,47,4,186,1,Marketing,1
480,52,Male,MBA,27,19,2,184,1,Marketing,0
481,37,Female,MBA,16,53,4,154,1,Sales,1
482,23,Female,Bachelor,0,70,4,205,1,Sales,1
483,34,Male,Bachelor,11,17,2,161,0,IT,0
484,49,Male,Bachelor,28,73,3,195,0,Finance,1
485,43,Female,MBA,22,14,2,146,0,HR,0
486,58,Female,Master,36,57,4,189,1,Sales,1
487,23,Male,MBA,0,73,2,140,0,HR,0
488,44,Female,Master,19,42,2,178,0,Finance,0
489,47,Male,MBA,21,65,2,160,0,Finance,1
490,56,Male,Bachelor,33,43,3,187,0,HR,1
491,22,Female,Bachelor,0,73,5,210,0,Sales,1
492,35,Female,Bachelor,11,25,3,163,0,HR,0
493,33,Female,MBA,7,75,2,199,0,HR,0
494,38,Female,Bachelor,17,79,3,202,1,IT,1
495,28,Female,Master,5,29,2,180,1,Marketing,0
496,41,Female,Master,15,77,3,212,1,IT,1
497,22,Female,Bachelor,0,33,3,195,1,Sales,0
498,52,Male,Bachelor,28,50,5,179,1,Marketing,1
499,27,Male,MBA,4,73,3,165,1,HR,1
500,23,Male,Bachelor,0,79,2,214,1,Marketing,0
